url,tag
https://www.fatherly.com/gear/the-best-birthday-gifts-for-10-year-olds/,1-month-update
https://www.fatherly.com/gear/birthday-gift-ideas-for-11-year-olds/,1-month-update
https://www.fatherly.com/gear/birthday-gift-ideas-for-12-year-olds/,1-month-update
https://www.fatherly.com/gear/best-gifts-1-year-olds/,1-month-update
https://www.fatherly.com/gear/the-best-gift-ideas-for-2-year-olds/,1-month-update
https://www.fatherly.com/gear/best-gifts-for-3-year-olds-in-2016/,1-month-update
https://www.fatherly.com/gear/best-gifts-4-year-olds/,1-month-update
https://www.fatherly.com/gear/best-gifts-5-year-olds/,1-month-update
https://www.fatherly.com/gear/best-birthday-gifts-6-year-olds/,1-month-update
https://www.fatherly.com/gear/best-birthday-gifts-for-7-year-olds/,1-month-update
https://www.fatherly.com/gear/best-birthday-gifts-for-8-year-olds/,1-month-update
https://www.fatherly.com/gear/best-birthday-gifts-9-year-olds/,1-month-update
https://www.fatherly.com/gear/best-baby-swings-bouncers-rockers/,1-month-update
https://www.fatherly.com/gear/shower-beer-holders/,1-month-update
https://www.fatherly.com/gear/best-bike-helmets-kids/,1-month-update
https://www.fatherly.com/gear/best-insect-repellents-kids/,1-month-update
https://www.fatherly.com/gear/best-car-seat-travel-bags/,1-month-update
https://www.fatherly.com/gear/dad-hats/,1-month-update
https://www.fatherly.com/gear/best-diaper-bag-backpacks-dads/,1-month-update
https://www.fatherly.com/gear/best-diaper-bags-for-dads/,1-month-update
https://www.fatherly.com/gear/best-espresso-machine-home/,1-month-update
https://www.fatherly.com/gear/best-eye-creams-for-dark-circles-wrinkles-and-puffiness/,1-month-update
https://www.fatherly.com/gear/best-face-washes-for-men/,1-month-update
https://www.fatherly.com/gear/fathers-day-gift-ideas-for-every-type-of-dad/,1-month-update
https://www.fatherly.com/gear/amazon-backyard-guesthouse-allwood-solvalla/,1-month-update
https://www.fatherly.com/gear/best-hiking-boots-and-shoes-for-men/,1-month-update
https://www.fatherly.com/gear/safe-rock-n-play-alternatives-infant-sleepers/,1-month-update
https://www.fatherly.com/gear/kids-cameras/,1-month-update
https://www.fatherly.com/gear/best-kids-mountain-bikes/,1-month-update
https://www.fatherly.com/gear/best-basic-phones-kids/,1-month-update
https://www.fatherly.com/gear/best-travel-gear-for-flying-with-young-kids/,1-month-update
https://www.fatherly.com/gear/best-baby-carriers-for-men/,1-month-update
https://www.fatherly.com/gear/best-mens-cologne/,1-month-update
https://www.fatherly.com/gear/wallets-for-men/,1-month-update
https://www.fatherly.com/gear/best-gifts-new-dads/,1-month-update
https://www.fatherly.com/gear/best-parental-control-devices-routers/,1-month-update
https://www.fatherly.com/gear/phillips-pasta-maker-best-thing-i-ever-bought/,1-month-update
https://www.fatherly.com/gear/best-baby-play-mats-activity-mats-parents/,1-month-update
https://www.fatherly.com/gear/best-portable-air-conditioners/,1-month-update
https://www.fatherly.com/gear/best-ps4-games-for-kids-and-parents/,1-month-update
https://www.fatherly.com/gear/best-air-purifiers-home-parents-kids/,1-month-update
https://www.fatherly.com/gear/puzzles-for-kids/,1-month-update
https://www.fatherly.com/gear/truck-pool-float-hidden-beer-cooler-hood/,1-month-update
https://www.fatherly.com/news/amazon-4-person-diy-backyard-sauna/,1-month-update
https://www.fatherly.com/gear/best-sleep-sprays/,1-month-update
https://www.fatherly.com/gear/best-sun-protective-clothing-sun-hats-babies-per-pediatrician/,1-month-update
https://www.fatherly.com/gear/best-sunglasses-for-men/,1-month-update
https://www.fatherly.com/gear/tank-tops-for-men/,1-month-update
https://www.fatherly.com/love-money/music-producer-timbaland-on-pinkfong-baby-shark/,1-month-update
https://www.fatherly.com/gear/toddler-shoes/,1-month-update
https://www.fatherly.com/gear/best-robot-toys/,1-month-update
https://www.fatherly.com/gear/best-compact-strollers-small-apartments-travel/,1-month-update
https://www.fatherly.com/gear/best-underwear-for-men-to-wear-in-the-summer/,1-month-update
https://www.fatherly.com/gear/7-best-baby-monitors/,1-month-update
https://www.fatherly.com/gear/best-travel-cribs/,1-month-update
https://www.fatherly.com/gear/best-umbrella-strollers/,1-month-update
https://www.fatherly.com/gear/the-best-water-guns-cannons-and-blasters-of-2017/,1-month-update
https://www.fatherly.com/gear/avengers-movie-toys/,3-month-update
https://www.fatherly.com/gear/best-throwing-axes-hatchets-professional-axe-throwers/,3-month-update
https://www.fatherly.com/gear/best-baby-safety-gates-stairs-hardware-pressure-mount/,3-month-update
https://www.fatherly.com/gear/the-best-baseball-training-gear/,3-month-update
https://www.fatherly.com/gear/best-bath-toys-babies-toddlers/,3-month-update
https://www.fatherly.com/gear/the-16-best-beach-toys-for-kids-under-30/,3-month-update
https://www.fatherly.com/gear/the-cereal-bowl-every-parent-should-own/,3-month-update
https://www.fatherly.com/gear/lego-city-sets/,3-month-update
https://www.fatherly.com/gear/best-mens-combs-according-barber/,3-month-update
https://www.fatherly.com/gear/best-dry-dog-foods-according-to-a-top-veterinarian/,3-month-update
https://www.fatherly.com/gear/best-family-tents-under-200/,3-month-update
https://www.fatherly.com/gear/fart-farting-sounds-farting-toys/,3-month-update
https://www.fatherly.com/gear/flip-flops-for-men/,3-month-update
https://www.fatherly.com/gear/the-pool-float-is-basically-a-big-comfy-bean-bag-chair-for-water/,3-month-update
https://www.fatherly.com/gear/best-hair-dryers-for-perfect-blowouts-every-time/,3-month-update
https://www.fatherly.com/gear/shampoos-for-hair-loss/,3-month-update
https://www.fatherly.com/gear/hair-products-for-men/,3-month-update
https://www.fatherly.com/gear/best-cordless-vacuum-cleaners/,3-month-update
https://www.fatherly.com/gear/best-lice-shampoos-bottles-to-buy/,3-month-update
https://www.fatherly.com/gear/best-headphones-for-kids/,3-month-update
https://www.fatherly.com/gear/lego-friends-sets/,3-month-update
https://www.fatherly.com/gear/mothers-day-gift-guide/,3-month-update
https://www.fatherly.com/gear/most-powerful-nerf-guns-you-can-buy/,3-month-update
https://www.fatherly.com/gear/best-infant-car-seats/,3-month-update
https://www.fatherly.com/gear/new-moms-mothers-day-gift-guide/,3-month-update
https://www.fatherly.com/gear/best-photo-printers-for-every-budget/,3-month-update
https://www.fatherly.com/gear/ooni-koda-portable-pizza-oven-backyard-barbecue/,3-month-update
https://www.fatherly.com/gear/best-daily-planners-according-to-an-expert/,3-month-update
https://www.fatherly.com/gear/best-protein-bars-according-to-a-nutritionist/,3-month-update
https://www.fatherly.com/gear/vegan-protein-powders/,3-month-update
https://www.fatherly.com/gear/remote-controlled-truck-rc-traxxas-trx-4/,3-month-update
https://www.fatherly.com/gear/cuisinart-rice-cooker-best-rice-cooker/,3-month-update
https://www.fatherly.com/gear/best-robot-vacuum-i-robot-roomba-i-7/,3-month-update
https://www.fatherly.com/gear/best-mens-sandals/,3-month-update
https://www.fatherly.com/gear/best-sleep-training-clocks/,3-month-update
https://www.fatherly.com/gear/pool-float-giant-sloth/,3-month-update
https://www.fatherly.com/gear/best-face-creams-and-moisturizers-with-spf/,3-month-update
https://www.fatherly.com/gear/sphero-specdrums-drum-machine-kids/,3-month-update
https://www.fatherly.com/gear/best-kids-sprinklers/,3-month-update
https://www.fatherly.com/gear/board-games/best-board-games-for-toddlers/,3-month-update
https://www.fatherly.com/gear/best-toy-kitchens-kitchen-playsets-kids/,3-month-update
https://www.fatherly.com/gear/best-sun-protective-clothing-sun-hats-babies-per-pediatrician/,3-month-update
https://www.fatherly.com/gear/best-booster-seats-carpooling/,3-month-update
https://www.fatherly.com/gear/the-9-best-new-co-op-video-games-to-play-with-kids/,3-month-update
https://www.fatherly.com/gear/best-high-tech-baby-nursery-gear/,3-month-update
https://www.fatherly.com/gear/shovel-to-keep-in-trunk-of-car-utility-shovel/,3-month-update
https://www.fatherly.com/gear/presto-waffle-bowl-maker/,3-month-update
https://www.fatherly.com/gear/best-water-table-backyard-toddlers-kids/,3-month-update
https://www.fatherly.com/gear/best-backyard-toys-to-launch-at-kids/,3-month-update
https://www.fatherly.com/gear/best-inflatable-backyard-water-slides-toys-kids/,3-month-update
https://www.fatherly.com/gear/best-chefs-knives-under-200/,3-month-update
https://www.fatherly.com/gear/best-coffee-makers/,3-month-update
https://www.fatherly.com/gear/4-great-new-coffee-machines-for-every-type-of-coffee-drinker/,3-month-update
https://www.fatherly.com/gear/board-games-for-adults-game-night/,6-month-update
https://www.fatherly.com/gear/best-air-fryers-at-any-price/,6-month-update
https://www.fatherly.com/gear/baby-gear-sale-on-amazon/,6-month-update
https://www.fatherly.com/gear/best-aprons-for-men-who-like-to-cook/,6-month-update
https://www.fatherly.com/gear/best-toys-for-children-with-autism/,6-month-update
https://www.fatherly.com/gear/aviator-sunglsses/,6-month-update
https://www.fatherly.com/gear/best-baby-bathtubs-essential-bath-gear/,6-month-update
https://www.fatherly.com/gear/baby-gear/best-baby-food-makers-mashers/,6-month-update
https://www.fatherly.com/gear/baby-sleep-gear-new-parents-fatherly-favorites/,6-month-update
https://www.fatherly.com/gear/essential-sleep-gear-new-parents/,6-month-update
https://www.fatherly.com/gear/best-backpacks-for-men/,6-month-update
https://www.fatherly.com/gear/best-balance-bikes/,6-month-update
https://www.fatherly.com/gear/best-bath-bombs-for-girls-and-boys/,6-month-update
https://www.fatherly.com/gear/best-beach-umbrellas-canopies-sun-shades-families/,6-month-update
https://www.fatherly.com/gear/best-pop-up-beach-tents/,6-month-update
https://www.fatherly.com/gear/best-beard-oils-to-soothe-and-soften-your-beard/,6-month-update
https://www.fatherly.com/gear/the-best-electric-trimmers-as-determined-by-heavily-bearded-men/,6-month-update
https://www.fatherly.com/gear/best-coffee-beans-you-can-buy/,6-month-update
https://www.fatherly.com/gear/best-electric-razors-for-men-and-all-your-shaving-needs/,6-month-update
https://www.fatherly.com/gear/the-best-sheets-for-your-bed/,6-month-update
https://www.fatherly.com/gear/best-bidets-home-toilet-portable-easy-to-install/,6-month-update
https://www.fatherly.com/gear/best-bike-locks-for-bikes-and-scooters/,6-month-update
https://www.fatherly.com/gear/best-blenders-for-smoothies-and-soups-in-2019/,6-month-update
https://www.fatherly.com/gear/best-portable-bluetooth-speakers/,6-month-update
https://www.fatherly.com/gear/best-board-games-for-families-adults-and-kids/,6-month-update
https://www.fatherly.com/gear/best-baby-bottles-for-breastfed-babies/,6-month-update
https://www.fatherly.com/gear/best-cameras-parents/,6-month-update
https://www.fatherly.com/gear/best-cast-iron-skillets-and-how-to-clean-them/,6-month-update
https://www.fatherly.com/gear/best-cat-food-according-to-experts/,6-month-update
https://www.fatherly.com/gear/this-is-the-worlds-best-cat-litter/,6-month-update
https://www.fatherly.com/gear/best-cloth-diapers-of-2019/,6-month-update
https://www.fatherly.com/gear/best-coconut-oil-for-the-face-and-body/,6-month-update
https://www.fatherly.com/gear/best-coffee-grinders/,6-month-update
https://www.fatherly.com/gear/best-coffee-makers/,6-month-update
https://www.fatherly.com/gear/best-down-comforters-and-best-down-alternative-comforters/,6-month-update
https://www.fatherly.com/gear/best-coolers-you-can-buy/,6-month-update
https://www.fatherly.com/gear/best-crib-mattresses/,6-month-update
https://www.fatherly.com/gear/crib-sheets/,6-month-update
https://www.fatherly.com/gear/best-cutting-boards-and-butcher-blocks/,6-month-update
https://www.fatherly.com/gear/best-dandruff-shampoos-for-men/,6-month-update
https://www.fatherly.com/gear/food-dehydrators-to-make-your-own-beef-jerky/,6-month-update
https://www.fatherly.com/gear/best-deodorants-for-men/,6-month-update
https://www.fatherly.com/gear/diaper-bags-under-50/,6-month-update
https://www.fatherly.com/gear/best-diaper-pails-for-keeping-the-stink-out/,6-month-update
https://www.fatherly.com/gear/best-diaper-rash-creams-according-to-a-pediatric-dermatologist/,6-month-update
https://www.fatherly.com/gear/best-dinosaur-toys/,6-month-update
https://www.fatherly.com/gear/dollhouses/,6-month-update
https://www.fatherly.com/gear/best-double-strollers/,6-month-update
https://www.fatherly.com/gear/best-drones-for-beginners/,6-month-update
https://www.fatherly.com/gear/best-toddler-easter-basket-ideas/,6-month-update
https://www.fatherly.com/gear/best-easter-decorations/,6-month-update
https://www.fatherly.com/gear/best-electric-toothbrushes-for-your-teeth/,6-month-update
https://www.fatherly.com/gear/best-flannel-sheet-sets/,6-month-update
https://www.fatherly.com/gear/best-led-flashlights-for-camping-or-everyday-use/,6-month-update
https://www.fatherly.com/gear/best-gaming-chair-for-the-gamer-in-your-life/,6-month-update
https://www.fatherly.com/gear/best-gaming-mouse-for-video-gamers/,6-month-update
https://www.fatherly.com/gear/swim-goggles-for-kids/,6-month-update
https://www.fatherly.com/gear/best-hair-clippers/,6-month-update
https://www.fatherly.com/gear/best-on-ear-headphones/,6-month-update
https://www.fatherly.com/gear/heated-folding-chair-best-chairs-for-tailgating/,6-month-update
https://www.fatherly.com/gear/the-best-heated-winter-gloves-jackets-to-keep-you-warm/,6-month-update
https://www.fatherly.com/gear/best-high-chairs/,6-month-update
https://www.fatherly.com/gear/best-hiking-backpacks-and-daypacks/,6-month-update
https://www.fatherly.com/gear/these-incredible-hiking-pants-are-perfectly-engineered-for-dad-life/,6-month-update
https://www.fatherly.com/gear/best-home-security-camera-systems/,6-month-update
https://www.fatherly.com/gear/best-hot-wheels-cars/,6-month-update
https://www.fatherly.com/gear/hot-wheels-tracks/,6-month-update
https://www.fatherly.com/gear/best-humidifiers-for-your-baby-nursery/,6-month-update
https://www.fatherly.com/gear/best-insulated-water-bottles-for-hiking-and-backpacking/,6-month-update
https://www.fatherly.com/gear/best-jogging-strollers/,6-month-update
https://www.fatherly.com/gear/best-electric-juicers-masticating-juicers-citrus-juicers/,6-month-update
https://www.fatherly.com/gear/best-kids-tablets/,6-month-update
https://www.fatherly.com/gear/easter-gift-ideas-for-kids/,6-month-update
https://www.fatherly.com/gear/best-iphone-cases-for-kids/,6-month-update
https://www.fatherly.com/gear/water-shoes-for-kids/,6-month-update
https://www.fatherly.com/gear/best-kids-hiking-boots-at-any-price/,6-month-update
https://www.fatherly.com/gear/best-kids-tablets/,6-month-update
https://www.fatherly.com/gear/best-led-light-bulbs/,6-month-update
https://www.fatherly.com/gear/lego-ninjago-sets/,6-month-update
https://www.fatherly.com/gear/best-lego-sets-kids-adults/,6-month-update
https://www.fatherly.com/gear/best-lip-balms-for-dry-lips/,6-month-update
https://www.fatherly.com/gear/l-o-l-dolls-lol-surprise-toys/,6-month-update
https://www.fatherly.com/gear/best-lunch-boxes-and-bags-back-to-school-2017/,6-month-update
https://www.fatherly.com/gear/best-breast-pump-manual-and-electric-breast-pumps/,6-month-update
https://www.fatherly.com/gear/best-massage-chairs/,6-month-update
https://www.fatherly.com/gear/best-mattress-toppers-for-every-kind-of-sleeper/,6-month-update
https://www.fatherly.com/gear/best-socks-for-men/,6-month-update
https://www.fatherly.com/gear/water-shoes-for-men/,6-month-update
https://www.fatherly.com/gear/best-countertop-microwaves-for-cooks-without-time/,6-month-update
https://www.fatherly.com/gear/best-bubble-bath-and-body-wash/,6-month-update
https://www.fatherly.com/gear/the-best-music-toys-and-instruments-for-kids/,6-month-update
https://www.fatherly.com/gear/best-natural-deodorants-for-men-smell-great/,6-month-update
https://www.fatherly.com/gear/best-travel-pillows/,6-month-update
https://www.fatherly.com/gear/best-nose-trimmers/,6-month-update
https://www.fatherly.com/gear/best-essential-oil-diffusers/,6-month-update
https://www.fatherly.com/gear/best-extra-virgin-olive-oils/,6-month-update
https://www.fatherly.com/gear/onesies-for-babies/,6-month-update
https://www.fatherly.com/gear/best-vacuums-for-pet-hair/,6-month-update
https://www.fatherly.com/gear/best-point-and-shoot-cameras-under-500/,6-month-update
https://www.fatherly.com/gear/pokemon-toys/,6-month-update
https://www.fatherly.com/gear/best-backup-batteries-power-banks-iphone-ipad-tablet-computer/,6-month-update
https://www.fatherly.com/gear/best-electric-pressure-cookers/,6-month-update
https://www.fatherly.com/gear/best-pressure-washers/,6-month-update
https://www.fatherly.com/gear/best-puppy-food-for-large-and-small-breed-dogs/,6-month-update
https://www.fatherly.com/gear/rainboots-for-kids/,6-month-update
https://www.fatherly.com/gear/razor-burn-razor-bumps/,6-month-update
https://www.fatherly.com/gear/best-rechargeable-batteries/,6-month-update
https://www.fatherly.com/gear/best-rice-cookers-at-every-price/,6-month-update
https://www.fatherly.com/gear/best-jeep-power-wheels-ride-on-toys-kids-toddlers/,6-month-update
https://www.fatherly.com/gear/robot-dogs/,6-month-update
https://www.fatherly.com/gear/best-robot-vacuums-for-your-home/,6-month-update
https://www.fatherly.com/gear/best-scooters-kids/,6-month-update
https://www.fatherly.com/gear/best-sippy-cups/,6-month-update
https://www.fatherly.com/gear/products-to-help-tired-parents-sleep-better/,6-month-update
https://www.fatherly.com/gear/baby-slings/,6-month-update
https://www.fatherly.com/gear/best-slow-cookers-for-busy-parents/,6-month-update
https://www.fatherly.com/gear/best-smartwatches/,6-month-update
https://www.fatherly.com/gear/best-products-smelly-feet-sweat/,6-month-update
https://www.fatherly.com/gear/best-swaddles-for-baby-and-best-swaddle-blankets/,6-month-update
https://www.fatherly.com/gear/best-swimming-gear-teach-kids-swim/,6-month-update
https://www.fatherly.com/gear/best-nintendo-switch-games-for-families/,6-month-update
https://www.fatherly.com/gear/forj-tape-repair-nearly-everything/,6-month-update
https://www.fatherly.com/gear/holiday-gift-guide-to-tech-toys-and-gadgets/,6-month-update
https://www.fatherly.com/gear/teddy-bears-and-giant-teddy-bears/,6-month-update
https://www.fatherly.com/gear/these-are-the-best-toaster-ovens-for-busy-parents/,6-month-update
https://www.fatherly.com/gear/toddler-beds/,6-month-update
https://www.fatherly.com/gear/bikes-for-toddlers/,6-month-update
https://www.fatherly.com/gear/toddler-games/,6-month-update
https://www.fatherly.com/gear/toddler-tables-and-chairs/,6-month-update
https://www.fatherly.com/gear/toys-for-toddlers/,6-month-update
https://www.fatherly.com/gear/best-bath-towels-according-to-an-expert/,6-month-update
https://www.fatherly.com/gear/toy-story-toys/,6-month-update
https://www.fatherly.com/gear/trampolines-kids/,6-month-update
https://www.fatherly.com/gear/best-travel-backpacks/,6-month-update
https://www.fatherly.com/gear/best-tummy-time-baby-mats/,6-month-update
https://www.fatherly.com/gear/best-baby-shampoos-for-a-worry-free-bath-time/,6-month-update
https://www.fatherly.com/gear/best-smart-speakers-alexa-google-assistant-and-siri-voice-assistants/,6-month-update
https://www.fatherly.com/gear/best-smart-thermostats-utility-bills/,6-month-update
https://www.fatherly.com/gear/best-travel-coffee-mugs/,6-month-update
https://www.fatherly.com/gear/best-vacuum-cleaners-for-your-home-carpet/,6-month-update
https://www.fatherly.com/gear/best-vr-headsets-for-the-whole-family/,6-month-update
https://www.fatherly.com/gear/best-waffle-makers/,6-month-update
https://www.fatherly.com/gear/best-kids-water-bottles/,6-month-update
https://www.fatherly.com/gear/best-teeth-whitening-kits-that-are-safe-and-effective/,6-month-update
https://www.fatherly.com/gear/best-whitening-toothpaste-that-is-safe-for-your-teeth/,6-month-update
https://www.fatherly.com/gear/best-wireless-headphones/,6-month-update
https://www.fatherly.com/gear/the-best-xbox-games-for-kids-and-parents/,6-month-update
https://www.fatherly.com/gear/smart-devices-that-make-sense-for-families/,6-month-update
https://www.fatherly.com/gear/lego-jurassic-world-sets/,6-month-update
https://www.fatherly.com/gear/columbia-pixel-grabber-reversible-review/,6-month-update
https://www.fatherly.com/gear/water-shoes-for-kids/,6-month-update
https://www.fatherly.com/gear/gaiam-yoga-block-favorite-workout-partner/,6-month-update
https://www.fatherly.com/gear/best-throwing-axes-hatchets-professional-axe-throwers/,6-month-update
https://www.fatherly.com/gear/the-best-video-games-for-kids-of-all-ages/,6-month-update
https://www.fatherly.com/gear/hot-wheels-monster-truck-toys/,6-month-update
https://www.fatherly.com/gear/best-easter-candy/,12-month-update
https://www.fatherly.com/gear/fathers-day-gift-ideas-50-gifts-under-50/,12-month-update
https://www.fatherly.com/gear/best-fidget-spinners/,12-month-update
https://www.fatherly.com/gear/flower-delivery-for-mothers-day/,12-month-update
https://www.fatherly.com/gear/best-gas-grills/,12-month-update
https://www.fatherly.com/gear/game-of-thrones-gifts/,12-month-update
https://www.fatherly.com/gear/best-hiking-socks-to-prevent-blisters/,12-month-update
https://www.fatherly.com/gear/halloween-costumes-for-kids/,12-month-update
https://www.fatherly.com/gear/everything-thats-wrong-with-sunscreen-plus-9-that-actually-work/,12-month-update
https://www.fatherly.com/gear/last-minute-mothers-day-gifts/,12-month-update
https://www.fatherly.com/gear/best-lego-movie-2-sets-build/,12-month-update
https://www.fatherly.com/gear/best-mothers-day-gift-baskets/,12-month-update
https://www.fatherly.com/gear/best-outdoor-toys-for-kids/,12-month-update
https://www.fatherly.com/gear/best-inflatable-pool-toys-games-kids/,12-month-update
https://www.fatherly.com/gear/best-pool-floats-summer-fun/,12-month-update
https://www.fatherly.com/gear/swim-trunks-for-men/,12-month-update
https://www.fatherly.com/gear/the-best-cooler-on-wheels-is-the-yeti-tundra-cooler/,12-month-update
https://www.fatherly.com/gear/last-minute-valentines-day-gifts/,12-month-update
https://www.fatherly.com/gear/best-mens-winter-boots/,12-month-update