fatherly.com/love-money/the-5-most-common-reasons-marriages-fail-according-to-a-divorce-lawyer/,58997
fatherly.com/news/map-average-cost-house-each-state-us/,79012
fatherly.com/health-science/science-explains-what-men-see-when-they-see-boobs/,67378
fatherly.com/love-money/relationships/why-i-dont-bullshit-my-kid/,48185
fatherly.com/news/blake-lively-says-ryan-reynolds-tweets-about-daughters-arent-true/,55699
fatherly.com/parenting/bad-child-discipline-phrases-parents-should-never-say/,67031
fatherly.com/health-science/scientific-secret-sexual-desire-marriage/,78416
fatherly.com/news/most-popular-baby-names-2018/,66688
fatherly.com/love-money/relationships/maintaining-consistent-sex-is-always-hard-in-marriage-modern-times-makes-it-harder/,71888
fatherly.com/news/mom-son-inappropriate-mcdonalds-shirt/,79181
fatherly.com/parenting/5-facts-about-cosleeping-parents-kids/,73370
fatherly.com/health-science/babies-infants-stop-crying-stand-up-walk/,70626
fatherly.com/love-money/one-thing-man-can-wife-bed-will-please-every-time/,54064
fatherly.com/news/john-legend-got-dad-shamed-dgaf/,74546
fatherly.com/gear/parenting-gear/every-car-seat-recalled-in-2017/,69745
fatherly.com/love-money/sex/why-women-cheat-as-told-by-women-who-cheat/,64894
fatherly.com/parenting/discipline-and-behavior/parents-yell-affect-child-development-laura-markham/,48196
fatherly.com/parenting/discipline-and-behavior/how-to-teach-child-emotional-intelligence/,1776
fatherly.com/play/family-back-to-school-photo-photoshop-battle-reddit/,58414
fatherly.com/play/sports/the-3-most-expensive-sports-for-kids/,62712
fatherly.com/news/study-phubbing-relationship-problems/,78312
fatherly.com/play/tv/video-watch-kids-scare-dads-fathers-day-jimmy-kimmel-live/,52444
fatherly.com/health-science/behavior/behavior-phone-distraction/,50404
fatherly.com/news/watch-proud-father-record-daughter-crashing-garage/,73379
fatherly.com/news/north-carolina-school-drop-off-alternative/,74139
fatherly.com/parenting/comfort-child-after-mom-dad-angry-fight/,71570
fatherly.com/parenting/yelling-scares-kids-myths-parenting/,49548
fatherly.com/health-science/psychology/netflix-13-reasons-why-suicidal-thoughts/,55522
fatherly.com/love-money/fix-a-sexless-marriage-sex-therapists/,75501
fatherly.com/health-science/why-french-kids-eat-normal-foods-behave-themselvesand-sleep-all-night/,2443
fatherly.com/gear/toys-from-the-1970s-that-are-worth-way-more-than-you-think/,70007
fatherly.com/parenting/parenting-french-father-getting-kids-to-listen/,58777
fatherly.com/love-money/relationships/what-i-learned-marrying-first-person-sex/,47589
fatherly.com/love-money/tom-brady-lip-kiss-son-coerced-affection/,71921
fatherly.com/health-science/physics-rear-facing-car-seats-kids/,71435
fatherly.com/health-science/fathers-age-effects-kids-social-skills/,48434
fatherly.com/parenting/when-do-kids-get-sids-six-months-sleeping/,62544
fatherly.com/play/the-best-podcasts-for-kids/,1902
fatherly.com/love-money/children-friendships-cousins-development-family-dynamics/,55564
fatherly.com/news/lego-sustainable-sugar-bricks-wwf/,74773
fatherly.com/love-money/relationships/activities-with-son-to-provoke-close-minded-relatives/,58832
fatherly.com/gear/best-travel-gear-for-flying-with-young-kids/,52202
fatherly.com/parenting/discipline-and-behavior/chinese-father-tiger-parenting-kids-do-chores/,68333
fatherly.com/love-money/eli-finkle-all-or-nothing-marriage/,61898
fatherly.com/love-money/relationships/traits-all-happily-married-men-share/,77577
fatherly.com/love-money/what-drives-women-cheat-infidelity-affair/,75410
fatherly.com/love-money/8-seemingly-harmless-phrases-to-never-say-to-your-spouse-around-the-kids/,69886
fatherly.com/health-science/fathers-daughters-risky-sex/,49723
fatherly.com/love-money/hating-on-house-hunters/,53724
fatherly.com/love-money/5-sex-positions-getting-quickie/,48011
fatherly.com/love-money/married-man-fell-love-someone-else/,82644
fatherly.com/gear/toys-from-the-1990s-that-are-worth-way-more-than-you-think/,66174
fatherly.com/health-science/father-cosleeping-instagram-dangerous-picture/,51004
fatherly.com/parenting/little-kids-negative-thoughts-freaking-out-calm-down/,63239
fatherly.com/news/justin-timberlake-son-long-hair-instagram/,93675
fatherly.com/love-money/relationships/how-to-avoid-the-dreaded-roommate-phase-with-your-spouse/,62407
fatherly.com/parenting/9-words-parents-should-never-say-children/,69167
fatherly.com/parenting/safety/are-american-parents-unreasonably-afraid-of-abduction/,63852
fatherly.com/health-science/breastfeeding-myths/,48937
fatherly.com/health-science/why-do-people-poop-morning-time/,90968
fatherly.com/gear/the-coolest-products-from-the-2018-jpma-baby-show/,77896
fatherly.com/news/star-wars-plot-hole-about-jedi-robes-is-tearing-the-internet-apart/,86777
fatherly.com/health-science/personal-trainers-recommend-best-exercises-to-perform/,49786
fatherly.com/health-science/science-benefits-of-fatherhood-dads-father-effect/,61544
fatherly.com/play/8-things-wont-tell-kid-star-wars-universe/,68460
fatherly.com/play/american-youth-soccer-skill-training-app/,64813
fatherly.com/health-science/science-why-kids-need-early-bedtimes/,69220
fatherly.com/love-money/100-small-nice-things-wife-marriage-love/,78071
fatherly.com/health-science/this-is-what-belly-fat-is-and-how-to-get-rid-of-it/,98819
fatherly.com/news/little-league-softball-team-disqualified-social-media-post/,56067
fatherly.com/health-science/the-link-between-gut-bacteria-and-your-kids-behavior-just-got-stronger/,2290
fatherly.com/news/new-breast-pump-cleaning-guidelines-cdc/,65463
fatherly.com/health-science/twenty-year-guide-divorce-risk/,65532
fatherly.com/news/sleep-position-may-double-risk-stillbirth/,66283
fatherly.com/health-science/american-academy-pediatrics-2017-car-seat-guidelines/,55470
fatherly.com/love-money/relationships/why-you-should-go-to-sex-therapy/,72258
fatherly.com/play/57-funny-jokes-kids-adults-who-like-dumb-jokes/,101920
fatherly.com/parenting/sharing-parenting-jobs-couples-therapist-advice/,30959
fatherly.com/love-money/haircuts-for-balding-men/,57919
fatherly.com/play/sports/little-league-softball-team-disqualified-social-media-post/,56067
fatherly.com/gear/best-basic-phones-kids/,76701
fatherly.com/play/how-warm-up-car-quickly-possible/,69183
fatherly.com/play/movies/blake-lively-says-ryan-reynolds-tweets-about-daughters-arent-true/,55699
fatherly.com/health-science/wellness/romantic-advantages-for-fat-guys/,54149
fatherly.com/play/sports/video-man-drops-baby-trying-catch-foul-ball/,52703
fatherly.com/love-money/relationships/i-wish-i-was-still-married-for-sake-of-my-kid/,9675
fatherly.com/health-science/6-workout-moves-to-help-you-have-better-sex/,53726
fatherly.com/love-money/most-popular-baby-names-2018/,66688
fatherly.com/love-money/masturbation-coaches-trend/,55887
fatherly.com/gear/how-to-fix-a-squeaky-bed/,57308
fatherly.com/gear/video-mom-finds-daughters-car-seat-caught-fire/,72712
fatherly.com/love-money/relationships/8-seemingly-harmless-phrases-to-never-say-to-your-spouse-around-the-kids/,69886
fatherly.com/health-science/psychological-effects-divorce-fathers-men-suicide/,63110
fatherly.com/play/horrifying-realities-living-marvel-cinematic-universe/,79764
fatherly.com/love-money/sex/how-to-have-actually-great-shower-sex/,68359
fatherly.com/parenting/how-to-transition-co-sleeping-to-childrens-bed/,69904
fatherly.com/love-money/mma-fighter-marcus-kowal-drunk-driving-liam/,68392
fatherly.com/love-money/penis-workout-kegels-for-men/,57128
fatherly.com/parenting/nurture-shock-debunks-popular-parenting-myths/,22290
fatherly.com/health-science/psychology/healthy-post-coital-behavior-sex-married-couples/,69377
fatherly.com/parenting/how-to-discipline-your-stubborn-child/,69477
fatherly.com/health-science/what-mens-hands-size-means-expained-science/,78698
fatherly.com/health-science/the-genetic-science-of-penis-size/,71420
fatherly.com/love-money/america-parental-leave-flexible-work-hours/,58650
fatherly.com/love-money/four-things-i-tell-my-kid-every-time-i-say-goodbye/,55573
fatherly.com/health-science/are-men-hardwired-to-cheat-on-partners/,72783
fatherly.com/news/map-of-every-countrys-most-popular-tourist-destination/,65603
fatherly.com/love-money/sex/how-to-have-great-sex-with-small-penis/,63373
fatherly.com/love-money/why-do-some-people-love-to-pop-pimples/,57168
fatherly.com/love-money/number-one-predictor-of-divorce-according-relationship-experts/,68058
fatherly.com/love-money/why-never-let-son-become-boy-scout/,64039
fatherly.com/gear/cars/volkswagen-california-xxl-camper-van/,58212
fatherly.com/news/watch-lebrons-heartfelt-reaction-young-fans-support/,76355
fatherly.com/love-money/what-to-do-kid-sees-parents-sex/,37813
fatherly.com/news/paw-patrol-conspiracy-boom/,71149
fatherly.com/health-science/what-babies-head-shape-means-for-health/,69907
fatherly.com/love-money/relationships/schedule-sex-wife/,73030
fatherly.com/parenting/how-to-help-violent-kids-angry-outbursts-use-your-words/,60136
fatherly.com/health-science/what-women-want-in-bed-how-long/,107550
fatherly.com/love-money/20-common-but-harmful-mistakes-parents-make/,7140
fatherly.com/love-money/maternal-gatekeeping-fathers-left-out/,62628
fatherly.com/love-money/relationships/number-one-predictor-of-divorce-according-relationship-experts/,68058
fatherly.com/love-money/relationships/study-reveals-pphubbing-as-the-newest-screen-based-relationship-killer/,4711
fatherly.com/parenting/kids-determine-sleep-schedule-peaceful-bedtime-routine/,79947
fatherly.com/love-money/jason-momoa-on-the-joys-of-raising-his-feral-children/,66626
fatherly.com/love-money/relationships/signs-you-need-couples-therapy/,69306
fatherly.com/gear/the-most-dangerous-toys-and-baby-products-recalled-in-2017/,68299
fatherly.com/news/a-montessori-chart-of-age-appropriate/,4344
fatherly.com/play/watch-blue-ivy-tells-her-parents-to-stop-clapping-grammys/,71107
fatherly.com/love-money/how-to-flirt-with-your-wife/,54255
fatherly.com/health-science/science-of-why-women-are-attracted-to-married-men/,73009
fatherly.com/love-money/10-things-never-say-arguing-with-spouse/,69143
